#,Monnaie,Cours,1 h,24 h,7 j,30 j,Volume sur 24 h,Offre en circulation,Offre totale,Capitalisation du marché
1,"Bitcoin
BTC","$26 886,12",0.1%,0.1%,-2.2%,-2.9%,$10 181 052 912,19 380 781,21 million,$520 984 219 945
2,"Ethereum
ETH","$1 820,11",0.1%,0.7%,-0.7%,-3.3%,$5 025 944 787,120 269 409,120 million,$218 880 174 160
3,"Tether
USDT","$0,999943",0.0%,0.0%,-0.1%,-0.0%,$10 485 792 817,82 919 078 535,"82,9 milliard",$82 914 392 332
4,"BNB
BNB","$310,47",0.1%,0.6%,-1.4%,-6.1%,$411 314 795,157 886 280,158 million,$49 012 153 788
5,"USD Coin
USDC","$0,999726",-0.0%,-0.0%,-0.0%,-0.1%,$3 658 760 975,29 410 176 607,"29,4 milliard",$29 417 322 673
6,"XRP
XRP","$0,460089",0.8%,0.1%,7.8%,-3.1%,$979 519 281,51 873 152 538,100 milliard,$23 865 195 489
7,"Cardano
ADA","$0,368842",0.1%,2.1%,-0.8%,-7.2%,$188 218 792,35 045 020 830,45 milliard,$12 927 330 149
8,"Lido Staked Ether
STETH","$1 819,88",0.2%,0.8%,-0.5%,-3.0%,$14 773 262,6 516 492,"6,52 million",$11 857 537 123
9,"Dogecoin
DOGE","$0,073145159208",-0.0%,1.0%,0.6%,-9.3%,$286 795 089,139 453 926 384,∞,$10 199 693 763
10,"Polygon
MATIC","$0,871581",0.2%,1.0%,0.4%,-15.1%,$182 840 302,9 279 469 069,10 milliard,$8 086 628 947
11,"Solana
SOL","$19,73",0.3%,-1.1%,-7.5%,-9.6%,$295 331 009,396 087 221,548 million,$7 812 879 957
12,"TRON
TRX","$0,078960754152",-0.2%,4.9%,12.3%,19.7%,$609 390 819,90 335 213 156,"90,3 milliard",$7 127 752 420
13,"Litecoin
LTC","$91,00",-0.0%,-0.8%,3.5%,4.7%,$444 937 365,72 978 233,84 million,$6 640 301 424
14,"Polkadot
DOT","$5,32",0.1%,0.4%,-1.2%,-10.8%,$93 842 647,1 234 910 244,"1,32 milliard",$6 569 708 172
15,"Binance USD
BUSD","$0,999406",-0.1%,-0.1%,0.1%,-0.2%,$1 385 678 133,5 469 858 541,"5,47 milliard",$5 462 673 464
16,"Shiba Inu
SHIB","$0,000008863068",-0.2%,3.3%,-0.5%,-15.1%,$183 255 528,589 346 148 700 818,1 million de milliards,$5 223 452 850
17,"Avalanche
AVAX","$14,70",-0.1%,2.7%,-3.7%,-14.6%,$143 386 885,334 361 806,430 million,$4 913 752 765
18,"Dai
DAI","$0,999694",-0.0%,-0.1%,-0.0%,0.1%,$88 846 580,4 655 147 392,"4,66 milliard",$4 653 721 767
19,"Wrapped Bitcoin
WBTC","$26 906,60",0.1%,0.2%,-1.9%,-2.7%,$55 971 270,155 549,156 millier,$4 186 479 752
20,"Uniswap
UNI","$5,09",-0.0%,-1.4%,-1.4%,-7.6%,$44 466 902,753 766 667,1 milliard,$3 836 162 154
21,"Chainlink
LINK","$6,52",0.0%,1.5%,-2.4%,-9.2%,$144 138 473,517 099 971,1 milliard,$3 371 939 843
22,"LEO Token
LEO","$3,51",-0.2%,-1.3%,0.0%,0.1%,$294 268,930 313 288,985 million,$3 266 072 743
23,"Cosmos Hub
ATOM","$10,51",0.4%,0.5%,-4.1%,-4.2%,$60 750 754,292 586 164,∞,$3 074 207 851
24,"Monero
XMR","$152,49",0.1%,1.4%,-0.8%,-2.3%,$57 874 099,18 147 820,∞,$2 767 099 844
25,"OKB
OKB","$45,89",-0.2%,0.2%,-0.9%,-4.3%,$3 402 679,60 000 000,247 million,$2 753 328 120
26,"Toncoin
TON","$1,84",0.3%,-0.4%,-6.5%,-20.3%,$8 237 643,1 473 591 411,"5,06 milliard",$2 706 428 045
27,"Ethereum Classic
ETC","$18,27",0.3%,1.6%,-0.8%,-9.6%,$69 204 943,141 069 449,211 million,$2 575 115 298
28,"Stellar
XLM","$0,088727343078",0.4%,0.2%,-0.1%,-7.2%,$33 959 238,26 793 796 678,50 milliard,$2 377 337 780
29,"Internet Computer
ICP","$5,13",-0.1%,1.6%,-3.3%,-8.0%,$26 488 260,436 320 175,499 million,$2 237 247 141
30,"Bitcoin Cash
BCH","$114,76",-0.1%,-0.2%,-2.7%,-6.2%,$68 083 473,19 398 806,21 million,$2 225 712 031
31,"TrueUSD
TUSD","$0,999686",-0.1%,0.0%,-0.0%,0.0%,$155 099 621,2 041 446 767,"2,04 milliard",$2 040 861 952
32,"Filecoin
FIL","$4,41",0.4%,-0.0%,-1.8%,-16.8%,$79 076 371,426 073 442,"1,96 milliard",$1 879 065 215
33,"Lido DAO
LDO","$2,03",0.0%,-1.9%,-5.6%,-3.0%,$43 189 473,879 305 856,1 milliard,$1 789 179 086
34,"Hedera
HBAR","$0,052415676337",-0.1%,-0.2%,-1.3%,-14.4%,$14 680 104,31 348 839 340,50 milliard,$1 643 345 480
35,"Aptos
APT","$8,15",0.2%,-0.4%,-6.5%,-20.9%,$38 423 881,197 518 242,"1,04 milliard",$1 610 924 599
36,"Cronos
CRO","$0,062125286593",0.2%,-0.0%,-3.4%,-8.8%,$9 642 404,25 263 013 692,"30,3 milliard",$1 568 966 747
37,"Quant
QNT","$101,98",-0.1%,-0.8%,-4.1%,-7.9%,$13 761 611,14 544 176,"14,6 million",$1 483 075 719
38,"NEAR Protocol
NEAR","$1,63",0.4%,1.0%,-2.5%,-15.8%,$55 135 757,907 621 343,1 milliard,$1 478 869 697
39,"Arbitrum
ARB","$1,12",-0.0%,-0.3%,-7.5%,-23.4%,$114 467 726,1 275 000 000,10 milliard,$1 432 208 663
40,"VeChain
VET","$0,019449283339",0.4%,2.4%,-0.9%,-13.7%,$37 711 294,72 714 516 834,86 milliard,$1 413 533 665
41,"ApeCoin
APE","$3,43",0.0%,-1.8%,1.0%,-13.1%,$49 891 291,368 593 750,1 milliard,$1 265 105 540
42,"Algorand
ALGO","$0,162774",0.1%,0.0%,-3.5%,-14.5%,$31 962 559,7 240 768 106,"7,62 milliard",$1 178 001 771
43,"The Graph
GRT","$0,120263",0.2%,1.1%,-6.3%,-13.9%,$21 611 282,8 988 109 039,10 milliard,$1 080 921 350
44,"Pax Dollar
USDP","$0,999192",-0.1%,-0.0%,-0.2%,-0.0%,$8 258 272,1 019 052 716,"1,02 milliard",$1 018 235 070
45,"Fantom
FTM","$0,363343",0.2%,-0.3%,-6.3%,-16.8%,$83 147 155,2 788 596 019,"3,18 milliard",$1 013 165 333
46,"Frax
FRAX","$0,998294",-0.0%,0.1%,-0.1%,-0.2%,$6 181 513,1 004 141 409,1 milliard,$1 002 093 996
47,"Edgecoin
EDGT","$1,00",-0.0%,-0.0%,-0.2%,-0.1%,$348 593,1 000 000 000,1 milliard,$999 941 393
48,"Rocket Pool
RPL","$49,80",-0.0%,0.3%,-4.8%,6.6%,$3 358 385,19 401 717,"19,4 million",$966 285 805
49,"The Sandbox
SAND","$0,515225",0.5%,-0.5%,1.3%,-14.1%,$63 453 484,1 853 581 926,3 milliard,$955 011 094
50,"EOS
EOS","$0,858564",0.4%,1.0%,-3.6%,-19.6%,$108 093 875,1 105 944 336,∞,$949 620 478
51,"MultiversX
EGLD","$36,59",0.2%,-0.2%,-5.6%,-5.9%,$13 536 477,25 453 120,"25,5 million",$931 193 787
52,"Aave
AAVE","$64,50",0.2%,1.0%,1.2%,-8.3%,$29 097 020,14 396 794,16 million,$928 706 532
53,"Render
RNDR","$2,46",0.9%,0.6%,35.0%,34.6%,$142 828 125,366 378 124,531 million,$902 262 500
54,"Decentraland
MANA","$0,483116",0.3%,-0.3%,2.3%,-15.4%,$51 188 072,1 824 351 728,"2,19 milliard",$881 208 147
55,"Stacks
STX","$0,635272",-0.2%,-1.9%,-1.4%,-12.6%,$21 833 979,1 381 213 305,"1,82 milliard",$877 213 335
56,"Theta Network
THETA","$0,864245",0.5%,0.3%,-6.0%,-16.0%,$10 636 384,1 000 000 000,1 milliard,$864 245 344
57,"Tezos
XTZ","$0,898499",0.1%,-0.6%,-0.2%,-12.8%,$16 259 281,930 630 247,∞,$836 170 626
58,"Axie Infinity
AXS","$6,90",0.2%,1.2%,0.6%,-14.1%,$34 267 941,115 661 359,270 million,$797 810 013
59,"Flow
FLOW","$0,765966",0.3%,1.8%,-0.4%,-17.0%,$10 009 287,1 036 200 000,"1,43 milliard",$795 518 603
60,"Synthetix Network
SNX","$2,43",-0.7%,3.1%,15.2%,-3.7%,$27 642 277,317 901 113,319 million,$773 017 577
61,"BitDAO
BIT","$0,514216",0.3%,0.6%,-0.8%,2.3%,$2 750 571,1 453 909 315,"9,61 milliard",$747 515 380
62,"Radix
XRD","$0,072544048970",-0.1%,4.7%,-6.8%,-17.3%,$2 926 963,10 175 491 086,"12,6 milliard",$738 167 545
63,"USDD
USDD","$0,999668",-0.1%,0.1%,-0.1%,1.3%,$30 925 677,737 654 482,∞,$737 574 303
64,"ImmutableX
IMX","$0,729195",0.4%,0.2%,-5.2%,-24.6%,$15 113 938,998 882 827,2 milliard,$728 493 147
65,"GALA
GALA","$0,030005390453",0.5%,1.5%,-0.8%,-27.0%,$71 513 215,24 005 937 743,24 milliard,$720 210 221
66,"KuCoin
KCS","$7,33",0.0%,-0.1%,-4.3%,-10.2%,$861 469,96 974 735,144 million,$709 997 865
67,"Rocket Pool ETH
RETH","$1 953,41",0.3%,0.8%,-0.6%,-2.8%,$595 870,360 440,361 millier,$704 086 657
68,"NEO
NEO","$9,87",0.3%,6.8%,5.8%,-13.1%,$63 063 043,70 530 000,100 million,$695 769 501
69,"Curve DAO
CRV","$0,847911",0.4%,1.5%,2.4%,-9.1%,$41 856 671,818 384 139,"1,95 milliard",$694 238 582
70,"Gate
GT","$4,91",-0.1%,0.5%,-2.0%,-6.1%,$342 880,139 018 905,300 million,$682 648 408
71,"Conflux
CFX","$0,319699",-0.1%,7.7%,12.2%,7.6%,$215 140 796,2 097 547 687,"5,28 milliard",$670 497 412
72,"WhiteBIT Token
WBT","$4,63",-0.0%,-0.7%,-1.2%,-1.5%,$7 294 010,144 118 517,374 million,$667 717 883
73,"Bitcoin SV
BSV","$34,65",0.4%,1.5%,-2.8%,-0.3%,$17 979 449,19 266 077,21 million,$667 703 568
74,"Bitget Token
BGB","$0,469677",1.2%,-2.2%,0.1%,32.4%,$17 214 744,1 400 001 000,2 milliard,$657 516 966
75,"Pepe
PEPE","$0,000001539682",0.4%,-3.9%,-9.6%,422.7%,$143 243 957,420 690 000 000 000,421 billion,$648 318 812
76,"Kava
KAVA","$1,09",0.3%,5.9%,8.2%,41.2%,$40 032 762,530 690 797,531 million,$580 200 320
77,"Gemini Dollar
GUSD","$0,998431",-0.2%,0.1%,-0.2%,-0.1%,$597 829,575 906 270,576 million,$574 938 877
78,"BitTorrent
BTT","$0,000000598480",-0.2%,-0.1%,-0.4%,-9.1%,$12 871 797,951 421 714 286 000,990 billion,$568 730 475
79,"Maker
MKR","$629,65",0.0%,1.4%,-1.7%,-9.9%,$9 181 629,901 311,978 millier,$567 467 733
80,"Chiliz
CHZ","$0,105751",0.0%,0.4%,-2.8%,-14.1%,$35 021 638,5 344 064 580,"8,89 milliard",$565 023 833
81,"Sui
SUI","$1,07",0.4%,-1.0%,-12.4%,,$114 030 306,528 273 718,10 milliard,$563 330 448
82,"Klaytn
KLAY","$0,178974",0.2%,1.4%,3.1%,-20.3%,$15 424 324,3 095 122 149,∞,$555 162 524
83,"Optimism
OP","$1,63",0.7%,-0.3%,-1.4%,-28.9%,$65 578 928,335 376 391,"4,29 milliard",$547 993 402
84,"Injective
INJ","$6,71",0.0%,-1.2%,5.0%,-8.7%,$43 385 390,80 005 555,100 million,$537 046 850
85,"Casper Network
CSPR","$0,048137352143",-0.3%,-2.6%,-2.2%,-3.2%,$3 812 686,11 028 835 776,"11,7 milliard",$531 203 731
86,"GMX
GMX","$60,20",0.3%,-0.2%,-4.3%,-19.3%,$10 844 430,8 725 279,"8,73 million",$525 205 835
87,"PAX Gold
PAXG","$1 981,79",-0.1%,-0.4%,-2.0%,0.0%,$6 329 240,262 672,263 millier,$520 539 608
88,"Terra
LUNC","$0,000088059236",0.1%,-0.9%,-3.3%,-20.5%,$20 205 191,5 874 414 940 244,"6,85 billion",$517 296 490
89,"Mina Protocol
MINA","$0,567568",0.3%,-0.7%,-1.1%,-17.3%,$10 844 644,904 598 748,"1,03 milliard",$513 419 619
90,"IOTA
MIOTA","$0,183907",0.2%,4.6%,2.2%,-8.9%,$11 673 324,2 779 530 283,"2,78 milliard",$510 942 513
91,"Frax Share
FXS","$7,07",-0.1%,0.0%,-0.1%,-13.2%,$12 939 807,72 159 934,"99,8 million",$510 266 070
92,"Tokenize Xchange
TKX","$6,28",0.2%,0.6%,-2.0%,-0.6%,$8 351 629,79 996 000,100 million,$502 360 741
93,"eCash
XEC","$0,000025928005",0.2%,0.8%,-3.6%,-13.7%,$2 548 474,19 394 554 673 303,21 billion,$502 238 093
94,"Dash
DASH","$43,60",-0.1%,-0.1%,2.9%,-12.2%,$21 437 813,11 286 363,"18,9 million",$491 929 966
95,"Tether Gold
XAUT","$1 970,53",-0.3%,-0.3%,-2.4%,-0.8%,$5 959 230,246 524,247 millier,$485 784 732
96,"Huobi
HT","$2,95",0.1%,0.9%,1.8%,-18.5%,$14 834 650,162 336 522,204 million,$478 518 036
97,"cETH
CETH","$36,53",0.0%,0.6%,-0.9%,-3.3%,"$385,35",12 875 587,"12,9 million",$470 297 950
98,"Flare
FLR","$0,027735298987",-0.3%,-1.4%,-2.7%,-16.0%,$3 542 099,16 099 210 666,101 milliard,$446 393 052
99,"XDC Network
XDC","$0,032225209410",-0.1%,-3.6%,-2.6%,-22.9%,$1 391 219,13 837 557 455,"37,8 milliard",$445 246 946
100,"Trust Wallet
TWT","$1,07",0.0%,0.4%,-4.8%,-12.6%,$6 426 039,416 649 900,1 milliard,$445 230 916
101,"Frax Ether
FRXETH","$1 820,60",0.2%,0.8%,-0.6%,-3.3%,$1 264 195,215 985,216 millier,$393 136 594
102,"Zilliqa
ZIL","$0,023540873439",0.4%,0.4%,-3.2%,-32.8%,$16 070 987,16 507 343 529,"17,6 milliard",$388 460 689
103,"cUSDC
CUSDC","$0,022870970612",-0.0%,-0.0%,0.1%,0.3%,"$460,22",16 896 731 103,"16,9 milliard",$386 444 640
104,"NEXO
NEXO","$0,674797",-0.2%,0.6%,-0.1%,0.1%,$3 117 597,560 000 010,1 milliard,$377 871 989
105,"WOO Network
WOO","$0,222943",0.3%,0.2%,-4.7%,-18.7%,$11 620 763,1 694 310 805,"2,25 milliard",$377 441 001
106,"PancakeSwap
CAKE","$1,82",0.0%,-0.0%,-2.9%,-46.5%,$29 960 187,201 543 144,386 million,$366 494 591
107,"Loopring
LRC","$0,290763",0.1%,-1.0%,-1.1%,-16.8%,$15 777 820,1 245 991 469,"1,37 milliard",$362 134 735
108,"Convex Finance
CVX","$4,54",0.1%,1.5%,-3.7%,-16.1%,$1 959 605,77 350 740,"98,2 million",$351 531 477
109,"Osmosis
OSMO","$0,601288",0.2%,-0.6%,-5.8%,-21.7%,$8 856 822,584 638 995,325 million,$351 519 307
110,"Mask Network
MASK","$4,28",-0.1%,-5.3%,9.8%,-7.7%,$48 966 363,80 125 000,100 million,$342 830 418
111,"Nexus Mutual
NXM","$50,57",0.0%,0.6%,-0.8%,-2.9%,"$13 520,53",6 760 179,"6,76 million",$341 849 211
112,"Enjin Coin
ENJ","$0,340702",0.2%,0.2%,-0.7%,-14.0%,$11 556 732,1 000 000 000,1 milliard,$340 753 191
113,"Arweave
AR","$6,75",0.3%,2.0%,0.4%,-13.5%,$5 023 460,50 108 502,"64,6 million",$338 108 130
114,"THORChain
RUNE","$1,12",0.0%,-0.8%,-6.6%,-20.1%,$30 135 591,300 700 561,500 million,$336 131 667
115,"dYdX
DYDX","$2,09",0.0%,0.9%,-5.7%,-17.0%,$41 371 369,159 890 908,1 milliard,$334 395 794
116,"Basic Attention
BAT","$0,222832",0.1%,2.1%,0.9%,-11.9%,$12 914 168,1 489 138 514,"1,5 milliard",$331 782 167
117,"SingularityNET
AGIX","$0,268287",0.4%,-4.2%,2.6%,-23.6%,$38 372 256,1 215 068 775,"1,28 milliard",$325 987 852
118,"1inch
1INCH","$0,399587",0.2%,0.4%,-4.7%,-20.2%,$13 857 713,816 063 881,"1,5 milliard",$325 887 026
119,"BTSE Token
BTSE","$2,01",-0.0%,-1.8%,-0.1%,-6.2%,$869 207,162 061 501,200 million,$325 095 429
120,"marumaruNFT
MARU","$0,154579",-0.1%,10.4%,123.3%,673.7%,"$11 229,72",2 000 000 000,2 milliard,$309 146 234
121,"Baby Doge Coin
BABYDOGE","$0,000000001977",0.0%,-3.4%,-8.5%,-36.6%,$2 042 987,156 124 856 092 293 492,420 million de milliards,$308 071 877
122,"FLOKI
FLOKI","$0,000031134742",0.4%,-0.5%,-11.5%,2.8%,$16 095 567,9 783 950 207 844,10 billion,$304 454 875
123,"Gnosis
GNO","$114,89",0.5%,0.4%,0.8%,6.6%,$1 053 823,2 589 589,3 million,$297 651 494
124,"Holo
HOT","$0,001651474049",0.5%,0.5%,-3.6%,-12.5%,$6 996 169,177 619 433 541,178 milliard,$293 334 049
125,"OKT Chain
OKT","$16,40",-0.8%,0.7%,-1.6%,-15.4%,$200 562,17 847 480,"17,8 million",$293 265 760
126,"MX
MX","$2,93",0.3%,1.0%,2.4%,27.9%,$565 821,100 000 000,∞,$292 770 539
127,"NEM
XEM","$0,032385256309",-0.1%,0.2%,-3.6%,-14.0%,$6 872 121,8 999 999 999,9 milliard,$291 518 978
128,"cDAI
CDAI","$0,022246044467",-0.1%,0.0%,0.2%,0.2%,"$1 120,80",12 846 566 581,"12,8 milliard",$285 785 291
129,"Liquity USD
LUSD","$1,01",-0.2%,-0.3%,-0.2%,-1.2%,$1 196 132,280 235 145,280 million,$281 712 127
130,"Zcash
ZEC","$32,13",-0.0%,-1.8%,-3.4%,-13.9%,$19 593 132,8 701 376,21 million,$280 463 869
131,"SafeMoon [OLD]
SAFEMOON","$0,000000006414",0.0%,0.5%,-1.7%,-6.2%,"$0,000000019242",0,1 million de milliards,$277 800 683
132,"Qtum
QTUM","$2,64",0.2%,2.3%,0.2%,-10.6%,$15 976 800,104 666 872,108 million,$275 897 155
133,"Kaspa
KAS","$0,014921525392",0.9%,-8.3%,-32.7%,-39.2%,$7 216 710,17 982 152 269,18 milliard,$268 310 480
134,"Oasis Network
ROSE","$0,052186021169",0.2%,0.7%,-3.4%,-18.3%,$13 021 376,5 029 357 184,10 milliard,$262 453 616
135,"Theta Fuel
TFUEL","$0,042729855476",0.1%,-0.2%,-3.9%,-17.9%,$2 996 920,6 145 479 490,"6,15 milliard",$262 417 856
136,"Staked Frax Ether
SFRXETH","$1 897,12",0.3%,0.8%,-0.6%,-0.3%,"$1 162,73",137 890,138 millier,$261 593 259
137,"Ethereum Name Service
ENS","$10,14",0.2%,1.0%,-4.3%,-16.8%,$9 463 582,25 783 233,100 million,$261 506 606
138,"STEPN
GMT","$0,302531",1.9%,11.1%,8.6%,-9.6%,$151 611 141,862 234 249,"5,5 milliard",$260 855 764
139,"Chia
XCH","$35,19",-0.1%,-0.5%,-4.6%,-16.6%,$1 349 838,7 397 050,"28,4 million",$260 351 811
140,"Celo
CELO","$0,519691",0.2%,0.2%,-2.2%,-16.0%,$5 425 533,498 369 748,1 milliard,$258 963 702
141,"Audius
AUDIO","$0,247250",0.9%,2.6%,0.9%,-19.1%,$6 540 741,1 045 289 093,"1,16 milliard",$258 243 515
142,"Ravencoin
RVN","$0,021686831188",0.1%,0.0%,-0.7%,-9.5%,$4 930 772,11 907 968 089,"11,9 milliard",$258 243 048
143,"Fetch.ai
FET","$0,242708",0.3%,-1.6%,-3.8%,-30.6%,$41 288 306,1 043 462 805,"1,15 milliard",$253 247 840
144,"DeFiChain
DFI","$0,353847",-0.0%,-0.4%,-4.1%,-23.1%,$3 644 964,703 731 082,"1,2 milliard",$249 020 663
145,"Decred
DCR","$16,61",-0.0%,-0.6%,-5.9%,-13.0%,$588 454,14 965 919,21 million,$248 992 237
146,"LINK
LN","$36,44",0.3%,-1.4%,-2.5%,-3.8%,$462 613,6 830 817,"6,83 million",$248 889 417
147,"Terra
LUNA","$0,907723",0.3%,-0.5%,-3.8%,-26.4%,$11 956 594,271 341 460,"1,08 milliard",$246 302 858
148,"Illuvium
ILV","$46,72",0.7%,0.6%,1.4%,-13.8%,$3 186 852,5 219 738,"9,63 million",$243 352 265
149,"SXP
SXP","$0,428588",0.1%,-0.9%,-1.7%,-21.7%,$15 673 776,565 253 614,565 million,$242 260 885
150,"ICON
ICX","$0,252042",0.2%,0.6%,-2.7%,-18.7%,$7 473 027,957 852 687,967 million,$241 214 177
151,"Compound
COMP","$35,13",0.1%,2.0%,-0.3%,-12.1%,$6 011 354,6 856 086,10 million,$240 858 684
152,"Huobi BTC
HBTC","$26 857,44",0.0%,-2.7%,-5.3%,-3.0%,$248 558,8 969,"8,97 millier",$240 853 669
153,"Aleph Zero
AZERO","$1,05",-0.3%,-2.9%,-14.7%,-21.3%,$714 167,228 913 353,332 million,$240 055 505
154,"tomiNet
TOMI","$3,78",-0.5%,7.6%,6.5%,43.5%,$16 946 561,62 651 273,112 million,$236 627 382
155,"Astar
ASTR","$0,052398463142",0.2%,1.4%,-0.2%,-13.0%,$2 718 010,4 508 836 477,"7,94 milliard",$236 237 845
156,"Convex CRV
CVXCRV","$0,800511",0.2%,0.9%,6.0%,-4.8%,$115 177,292 157 348,292 million,$233 835 233
157,"Bitcoin Gold
BTG","$13,18",0.1%,-0.8%,-1.3%,-14.7%,$1 944 346,17 513 924,21 million,$231 209 607
158,"JasmyCoin
JASMY","$0,004842877752",-0.2%,-0.7%,-1.2%,-19.6%,$23 242 244,47 569 999 999,50 milliard,$230 368 486
159,"Beldex
BDX","$0,042970833647",0.0%,0.9%,-2.8%,-22.4%,$2 464 768,5 327 757 807,"9,92 milliard",$228 834 592
160,"Escoin
ELG","$2,82",-0.0%,0.6%,-0.0%,-0.7%,$256 798,0,250 million,$228 752 259
161,"Kusama
KSM","$25,33",0.4%,0.5%,-1.8%,-17.0%,$7 400 674,8 980 098,10 million,$227 412 075
162,"EthereumPoW
ETHW","$2,08",-0.2%,1.5%,2.4%,-32.4%,$13 026 024,107 818 943,108 million,$224 630 082
163,"Euro Tether
EURT","$1,08",-0.0%,0.0%,-0.6%,-1.3%,$1 578 063,205 998 830,400 million,$222 776 810
164,"DAO Maker
DAO","$1,34",0.2%,-4.5%,-2.4%,-7.0%,$1 625 612,165 776 000,278 million,$222 298 049
165,"Balancer
BAL","$5,40",0.2%,1.9%,-2.8%,-12.4%,$2 598 568,41 166 618,"57,1 million",$222 284 088
166,"yearn.finance
YFI","$6 627,15",-0.2%,0.7%,-5.0%,-20.0%,$12 892 004,32 978,"36,7 millier",$219 408 031
167,"Blur
BLUR","$0,460644",0.2%,-0.9%,-5.2%,-25.5%,$17 086 626,474 439 088,3 milliard,$218 457 423
168,"Ronin
RON","$1,00",0.6%,2.6%,4.6%,-8.5%,$1 504 025,217 319 353,1 milliard,$217 785 643
169,"JUST
JST","$0,024414703338",-0.1%,2.4%,3.8%,-6.7%,$15 220 043,8 902 080 000,"9,9 milliard",$217 335 790
170,"IoTeX
IOTX","$0,022941110627",0.2%,1.9%,1.3%,-3.4%,$3 590 505,9 447 254 322,"9,5 milliard",$216 790 622
171,"Helium
HNT","$1,50",-0.1%,4.7%,9.6%,-20.3%,$71 818 925,143 934 821,223 million,$215 578 361
172,"ORDI
ORDI","$10,26",1.8%,-3.9%,-33.5%,,$64 725 048,21 000 000,21 million,$215 313 853
173,"WEMIX
WEMIX","$0,852408",0.0%,-2.3%,-2.7%,-32.4%,$3 098 780,251 474 070,965 million,$214 377 644
174,"Golem
GLM","$0,213043",0.1%,-0.1%,-2.4%,-12.1%,$2 144 612,1 000 000 000,1 milliard,$212 942 502
175,"Ankr Network
ANKR","$0,025636519410",0.2%,0.8%,-8.2%,-21.3%,$13 030 885,8 162 899 378,10 milliard,$209 266 423
176,"Olympus
OHM","$10,49",-0.2%,-0.0%,-0.5%,0.2%,$281 200,19 505 561,"26,7 million",$204 550 763
177,"Ontology
ONT","$0,230128",0.8%,6.9%,12.1%,-8.2%,$31 648 619,885 082 857,1 milliard,$203 652 775
178,"Harmony
ONE","$0,015974599640",0.0%,-1.1%,-3.8%,-21.8%,$9 728 596,12 305 426 115,"13,2 milliard",$197 260 185
179,"Magic
MAGIC","$0,894386",0.2%,-0.4%,2.2%,-22.7%,$15 091 880,215 191 662,340 million,$192 477 344
180,"Gains Farm
GFARM2","$5 276,42",0.2%,0.4%,3.5%,-19.0%,"$2 324,27",35 833,"35,8 millier",$189 062 511
181,"0x Protocol
ZRX","$0,222883",-0.1%,0.8%,-0.3%,-15.3%,$9 353 116,847 496 055,1 milliard,$188 856 961
182,"WAX
WAXP","$0,056360739085",0.3%,-1.6%,-1.5%,-18.1%,$3 037 595,3 306 961 566,"3,77 milliard",$186 400 522
183,"Krypton DAO
KRD","$1,79",0.5%,-2.0%,-20.1%,25.0%,"$10 262,42",102 457 125,10 milliard,$183 305 937
184,"Band Protocol
BAND","$1,45",0.2%,-0.9%,0.4%,-14.1%,$4 890 538,125 848 146,135 million,$183 115 989
185,"Kadena
KDA","$0,779562",-0.0%,1.1%,-2.4%,-18.3%,$2 688 499,231 668 923,1 milliard,$180 581 654
186,"Moonbeam
GLMR","$0,279621",0.3%,-0.3%,-4.7%,-25.5%,$3 247 516,642 367 682,"1,07 milliard",$179 754 262
187,"IOST
IOST","$0,009534415301",0.2%,1.5%,0.7%,-9.5%,$5 541 376,18 708 894 189,"18,7 milliard",$178 342 025
188,"SSV Network
SSV","$24,99",0.2%,3.0%,14.6%,-6.5%,$15 871 880,7 085 673,"11,1 million",$177 106 054
189,"LUKSO
LYXE","$11,28",1.1%,-5.6%,-17.6%,-16.9%,$2 387 227,15 575 916,100 million,$175 758 591
190,"Sushi
SUSHI","$0,898840",0.1%,1.6%,-0.3%,-14.0%,$16 903 801,192 789 256,249 million,$173 286 702
191,"Siacoin
SC","$0,003341857977",0.3%,-1.4%,-3.8%,-16.0%,$2 121 159,51 477 015 000,-,$172 028 873
192,"Alchemix USD
ALUSD","$0,998882",0.0%,0.0%,-0.0%,0.1%,$131 371,171 782 463,172 million,$171 419 238
193,"Polymath
POLY","$0,190359",0.3%,-2.3%,-1.3%,-18.7%,$509 191,898 550 830,1 milliard,$171 047 126
194,"Bone ShibaSwap
BONE","$0,742115",0.7%,3.4%,-6.2%,-22.1%,$4 153 561,229 923 351,230 million,$170 604 252
195,"ECOMI
OMI","$0,000611717124",0.0%,-3.7%,2.5%,-3.3%,$666 346,277 296 839 552,318 milliard,$169 667 738
196,"Waves
WAVES","$1,66",0.6%,2.4%,3.4%,-15.4%,$11 914 276,100 000 000,100 million,$166 422 460
197,"Amp
AMP","$0,002891784876",-0.0%,-2.5%,-6.1%,-19.4%,$2 542 975,56 127 938 240,"99,4 milliard",$162 266 945
198,"Astrafer
ASTRAFER","$1,03",0.0%,-0.8%,-3.1%,-25.5%,"$12 414,31",156 553 961,888 million,$161 949 365
199,"Open Campus
EDU","$1,10",0.4%,-1.8%,-13.0%,,$45 419 279,145 117 470,1 milliard,$159 892 790
200,"BORA
BORA","$0,160930",0.0%,-1.7%,1.1%,-10.8%,$2 971 145,993 750 000,"1,21 milliard",$159 863 415
201,"Biconomy
BICO","$0,288338",0.1%,-3.0%,-7.0%,-23.5%,$2 167 834,547 081 671,1 milliard,$158 027 603
202,"Gains Network
GNS","$5,05",0.2%,0.3%,-1.9%,-22.0%,$5 071 530,30 430 216,"30,4 million",$153 581 221
203,"SafePal
SFP","$0,413229",-0.3%,0.9%,3.4%,-6.2%,$2 543 615,369 791 669,500 million,$152 807 605
204,"Bitcoin Avalanche Bridged (BTC.b)
BTC.B","$26 892,98",0.2%,-0.0%,-2.0%,-2.9%,$7 069 648,5 590,"5,59 millier",$150 317 417
205,"Reserve Rights
RSR","$0,002958342387",0.7%,1.2%,0.1%,-23.9%,$4 227 239,50 600 000 000,100 milliard,$149 709 423
206,"UMA
UMA","$2,07",1.6%,0.6%,-10.1%,6.9%,$5 812 412,71 336 120,114 million,$147 450 325
207,"SKALE
SKL","$0,032193562992",0.1%,0.6%,-0.9%,-18.0%,$5 459 070,4 509 352 671,"5,03 milliard",$145 264 582
208,"Multichain
MULTI","$7,50",0.1%,-5.4%,-6.3%,-26.3%,$2 042 072,19 363 293,100 million,$145 053 423
209,"Flux
FLUX","$0,481475",-0.0%,0.1%,-4.8%,-22.4%,$3 448 930,296 625 240,440 million,$142 956 588
210,"TerraClassicUSD
USTC","$0,014553664460",-0.4%,-1.0%,-4.8%,-27.5%,$4 797 160,9 797 021 272,"9,8 milliard",$142 582 560
211,"Aragon
ANT","$3,55",-0.1%,2.5%,12.5%,9.1%,$10 461 342,40 029 852,"43,2 million",$141 918 471
212,"sETH2
SETH2","$1 807,76",0.2%,0.7%,-0.7%,-3.3%,$167 847,78 167,"78,2 millier",$141 304 669
213,"Alchemy Pay
ACH","$0,028452646633",2.0%,9.5%,16.7%,-19.4%,$42 899 881,4 943 691 067,10 milliard,$140 625 804
214,"Ocean Protocol
OCEAN","$0,323254",-0.1%,-0.6%,-4.1%,-13.1%,$11 835 166,434 026 837,613 million,$140 369 613
215,"Livepeer
LPT","$4,90",0.6%,2.3%,5.6%,-13.2%,$4 512 451,27 951 202,28 million,$136 918 389
216,"Hive
HIVE","$0,364756",0.3%,-1.3%,-1.7%,-12.5%,$1 795 774,371 261 454,∞,$135 415 931
217,"STASIS EURO
EURS","$1,08",0.0%,0.1%,-0.1%,-1.2%,$287 171,124 125 940,124 million,$134 112 820
218,"Bitkub Coin
KUB","$1,51",0.4%,-0.8%,-4.3%,-11.5%,"$58 361,25",88 850 000,110 million,$133 632 034
219,"SPACE ID
ID","$0,466044",0.2%,-0.8%,-7.0%,-36.7%,$28 145 542,286 000 000,2 milliard,$133 283 069
220,"SwissBorg
CHSB","$0,139543",0.3%,0.4%,-2.7%,-19.3%,$293 515,951 754 603,1 milliard,$132 813 038
221,"aelf
ELF","$0,287469",0.2%,1.3%,1.0%,-3.2%,$4 910 004,461 329 999,880 million,$132 522 679
222,"Cartesi
CTSI","$0,182533",-0.2%,-0.9%,4.4%,-32.6%,$12 733 273,724 156 268,1 milliard,$132 135 462
223,"Tribe
TRIBE","$0,284541",0.1%,1.2%,-0.3%,-5.5%,"$72 657,05",455 015 531,1 milliard,$129 937 031
224,"Wrapped Beacon ETH
WBETH","$1 826,44",0.2%,0.9%,-0.3%,,$123 062,70 938,"70,9 millier",$129 687 485
225,"Blox
CDT","$0,191204",0.2%,-15.6%,-27.8%,-20.9%,$119 250,674 579 184,1 milliard,$128 982 211
226,"RSK Infrastructure Framework
RIF","$0,133019",0.1%,1.5%,-2.7%,4.7%,$2 823 288,966 700 002,1 milliard,$128 589 507
227,"DigiByte
DGB","$0,007881354782",0.2%,0.8%,-0.3%,-16.5%,$1 818 234,16 244 262 866,21 milliard,$128 023 788
228,"JOE
JOE","$0,371413",0.8%,6.2%,-1.2%,-28.6%,$12 055 782,339 576 266,476 million,$126 143 879
229,"Energy Web
EWT","$2,63",0.0%,1.9%,7.6%,-4.7%,$1 207 546,46 496 176,69 million,$122 158 495
230,"Stargate Finance
STG","$0,617187",-0.1%,3.0%,-4.7%,-15.8%,$8 685 908,196 887 376,1 milliard,$121 515 219
231,"Lisk
LSK","$0,838226",1.0%,-0.6%,-2.4%,-21.7%,$1 215 421,144 818 773,-,$121 401 252
232,"Celer Network
CELR","$0,021468040318",0.7%,2.6%,0.2%,-23.9%,$9 882 626,5 645 454 936,10 milliard,$121 137 206
233,"Synapse
SYN","$0,635856",0.5%,8.3%,1.4%,-23.8%,$21 332 291,190 117 589,185 million,$120 887 009
234,"Axelar
AXL","$0,451390",-0.0%,-4.3%,-16.7%,-13.1%,$2 164 594,266 696 528,"1,06 milliard",$120 369 623
235,"Telcoin
TEL","$0,001733785618",0.2%,-3.8%,-7.4%,-23.0%,$488 740,69 202 904 802,100 milliard,$119 983 001
236,"inSure DeFi
SURE","$0,004508761825",0.2%,0.4%,-4.1%,-24.8%,$3 174 462,26 464 285 452,88 milliard,$119 250 831
237,"Bitgert
BRISE","$0,000000300053",-1.1%,-3.0%,-16.5%,-25.6%,$1 155 356,395 688 215 721 653,427 billion,$118 741 181
238,"Liquity
LQTY","$1,28",0.2%,1.7%,-2.0%,-32.6%,$7 394 766,92 096 945,100 million,$118 266 691
239,"Polymesh
POLYX","$0,153309",-0.0%,-1.3%,-0.6%,-26.8%,$5 183 519,768 927 312,769 million,$117 883 003
240,"Access Protocol
ACS","$0,003912619963",-1.1%,-2.0%,-7.3%,-28.0%,$5 473 098,29 994 756 114,100 milliard,$117 363 907
241,"Horizen
ZEN","$8,48",0.2%,1.9%,2.0%,-12.7%,$2 399 571,13 712 950,"13,7 million",$116 293 795
242,"GalleryCoin
GLR","$0,476969",0.8%,-0.2%,5.4%,37.3%,$155 177,240 022 000,2 milliard,$114 482 988
243,"iExec RLC
RLC","$1,58",-0.1%,-4.3%,3.5%,3.3%,$15 036 382,72 382 548,87 million,$114 460 115
244,"Stride
STRD","$1,34",-1.0%,-5.2%,-4.8%,-30.7%,$143 123,84 831 963,"84,8 million",$114 074 780
245,"COCOS BCX
COCOS","$1,59",-1.3%,-4.6%,20.2%,-0.2%,$33 028 989,71 051 748,"71,1 million",$112 820 610
246,"NuCypher
NU","$0,086420201235",0.2%,-3.2%,-5.8%,-20.9%,"$695,88",1 300 289 946,"3,89 milliard",$112 365 240
247,"OMG Network
OMG","$0,795506",0.3%,0.8%,-2.1%,-34.2%,$12 758 238,140 245 398,140 million,$111 553 205
248,"e-Radix
EXRD","$0,073228296805",-0.2%,4.6%,-3.3%,-16.9%,$124 861,1 518 741 582,"1,52 milliard",$111 198 107
249,"Nervos Network
CKB","$0,003296458406",0.4%,0.8%,-2.5%,-14.9%,$3 025 508,33 340 636 263,∞,$109 937 436
250,"Rollbit Coin
RLB","$0,033265057330",0.2%,-3.9%,42.1%,102.2%,$431 585,3 296 951 622,"3,3 milliard",$109 673 285
251,"Decentralized Social
DESO","$10,41",0.1%,0.9%,-4.5%,-26.0%,$110 978,10 532 254,"10,8 million",$109 612 195
252,"TomoChain
TOMO","$1,13",0.3%,6.1%,23.1%,54.5%,$15 336 324,96 372 160,100 million,$109 218 334
253,"Dogelon Mars
ELON","$0,000000198792",1.0%,-0.2%,-5.8%,-31.4%,$1 232 862,549 649 971 723 242,1 million de milliards,$109 126 869
254,"VVS Finance
VVS","$0,000003104902",-0.3%,-1.1%,-4.3%,-8.6%,$973 168,35 109 130 203 540,"72,3 billion",$109 076 335
255,"CoinEx
CET","$0,035260292842",0.2%,-0.1%,-0.8%,-6.9%,$1 014 493,3 043 240 741,"5,87 milliard",$106 331 235
256,"Kyber Network Crystal
KNC","$0,610919",0.4%,1.5%,-0.7%,-13.5%,$4 703 524,172 233 430,224 million,$105 168 903
257,"APENFT
NFT","$0,000000376622",0.1%,2.0%,4.1%,1.3%,$8 343 164,277 080 562 500 000,1 million de milliards,$104 258 834
258,"Decimal
DEL","$0,027056761033",-,-,-,-,-,3 789 777 172,"3,79 milliard",$102 539 095
259,"Pundi X
PUNDIX","$0,394388",0.2%,-1.8%,-2.5%,-15.9%,$2 864 683,258 433 177,258 million,$101 917 705
260,"Ecoin
ECOIN","$0,000220160052",,31.8%,-15.5%,-50.0%,"$63,35",461 121 735 617,1 billion,$101 520 585
261,"API3
API3","$1,19",-0.0%,-3.0%,-11.9%,-18.4%,$2 806 328,84 917 526,125 million,$101 357 053
262,"PlayDapp
PLA","$0,184253",0.1%,-1.3%,-2.0%,-16.8%,$3 014 279,548 992 304,700 million,$101 155 118
263,"OriginTrail
TRAC","$0,263020",-0.1%,-1.5%,-2.7%,-29.0%,$993 293,382 798 499,500 million,$100 682 977
264,"Core
CORE","$0,835678",0.2%,0.8%,-2.0%,-45.3%,$4 510 398,120 310 015,"2,1 milliard",$100 540 331
265,"Ergo
ERG","$1,43",0.6%,3.6%,-1.2%,-16.0%,$537 749,69 536 007,"97,7 million",$99 093 733
266,"MiL.k Alliance
MLK","$0,347758",0.1%,-2.3%,3.1%,-6.8%,$10 089 910,284 133 411,986 million,$98 809 982
267,"SafeMoon
SFM","$0,000176774560",6.3%,2.6%,13.9%,-18.6%,$991 142,558 893 335 719,1 billion,$98 798 124
268,"AVINOC
AVINOC","$0,591299",-4.5%,-2.9%,-5.5%,92.9%,$116 955,167 018 564,1 milliard,$98 760 771
269,"Ribbon Finance
RBN","$0,139678",0.5%,2.2%,-5.7%,-16.8%,$566 131,701 432 344,1 milliard,$97 972 023
270,"Humanscape
HUM","$0,107229",0.8%,0.1%,2.4%,4.8%,$1 548 198,913 409 273,"1,08 milliard",$97 943 793
271,"Secret
SCRT","$0,470446",-0.0%,0.1%,-4.8%,-29.4%,$769 730,208 145 588,∞,$97 921 976
272,"Radicle
RAD","$1,95",-0.0%,-3.1%,-13.1%,15.8%,$10 721 377,49 829 111,100 million,$97 338 595
273,"Marinade staked SOL
MSOL","$21,92",0.4%,-1.0%,-7.6%,-9.1%,$768 465,4 426 459,"4,43 million",$97 031 086
274,"Medibloc
MED","$0,014145018714",0.1%,-1.8%,-2.5%,-16.0%,$963 839,6 832 129 723,"8,87 milliard",$96 640 136
275,"Function X
FX","$0,154805",0.0%,-2.0%,0.7%,-15.1%,$277 974,611 884 734,612 million,$96 456 247
276,"BENQI Liquid Staked AVAX
SAVAX","$15,93",0.2%,2.8%,-3.7%,-14.0%,$1 126 746,6 050 891,"6,05 million",$96 360 829
277,"Metis
METIS","$22,05",-0.1%,-1.6%,-7.2%,-21.4%,$1 119 579,4 354 321,"5,41 million",$96 009 991
278,"Nano
XNO","$0,711907",0.2%,-1.3%,-2.8%,-14.5%,$326 216,133 248 290,133 million,$94 859 872
279,"Status
SNT","$0,023920557940",0.2%,-1.0%,-2.4%,-12.4%,$1 605 181,3 960 483 788,"6,8 milliard",$94 736 986
280,"Celsius Network
CEL","$0,223824",-0.5%,0.5%,1.9%,-18.1%,$417 580,423 415 980,693 million,$94 726 698
281,"Smooth Love Potion
SLP","$0,002227927302",0.6%,0.9%,0.3%,-17.2%,$4 817 866,42 047 512 408,∞,$93 680 283
282,"Coin98
C98","$0,197261",-0.3%,-0.1%,-1.7%,-16.6%,$5 133 953,467 499 991,1 milliard,$92 192 067
283,"DeXe
DEXE","$2,52",0.3%,0.5%,-4.1%,-16.7%,$825 934,36 473 286,"96,5 million",$92 071 767
284,"My Neighbor Alice
ALICE","$1,33",0.6%,3.3%,3.5%,-12.2%,$9 511 955,69 140 476,100 million,$92 065 259
285,"Magic Internet Money
MIM","$0,998454",-0.2%,-0.1%,-0.1%,0.1%,$434 917,92 087 552,136 million,$91 890 681
286,"Songbird
SGB","$0,007940128067",-0.0%,-1.0%,-5.9%,-15.2%,$263 288,11 433 665 583,"17,2 milliard",$90 784 942
287,"Kujira
KUJI","$0,788274",1.3%,0.5%,19.4%,29.6%,$233 589,114 844 591,122 million,$90 529 030
288,"cUSDT
CUSDT","$0,012043459446",-,-,-,-,-,7 476 819 424,"7,48 milliard",$90 046 772
289,"FLEX Coin
FLEX","$0,910305",5.0%,0.9%,19.1%,-16.2%,"$8 272,60",98 664 952,"98,7 million",$89 812 040
290,"ConstitutionDAO
PEOPLE","$0,017652858046",0.4%,0.7%,2.0%,-15.3%,$10 239 698,5 067 194 794,"5,07 milliard",$89 469 063
291,"Murasaki
MURA","$1,56",6.2%,-22.0%,9.0%,48.3%,"$7 924,41",57 400 000,1 milliard,$89 437 420
292,"Merit Circle
MC","$0,229143",0.0%,-2.3%,-6.6%,-24.0%,$1 015 128,385 104 959,647 million,$88 192 268
293,"Syscoin
SYS","$0,123702",-0.2%,4.3%,4.0%,-22.0%,$1 191 906,712 004 949,751 million,$88 080 831
294,"Numeraire
NMR","$13,97",0.8%,-0.6%,0.7%,-19.2%,$2 378 427,6 233 619,"10,9 million",$87 099 025
295,"Metars Genesis
MRS","$1,38",0.4%,-2.5%,-4.7%,-8.1%,"$33 029,99",62 850 000,1 milliard,$87 011 881
296,"Constellation
DAG","$0,033035327074",-1.7%,-1.4%,-11.9%,-17.0%,$386 746,2 619 017 377,"3,55 milliard",$86 800 807
297,"Gitcoin
GTC","$1,41",0.2%,0.5%,3.1%,-10.9%,$2 042 017,60 863 372,100 million,$86 036 480
298,"STP
STPT","$0,043986741956",-0.2%,-0.5%,-0.1%,-11.6%,$1 912 898,1 942 420 283,"1,94 milliard",$85 440 740
299,"Lido Staked SOL
STSOL","$21,80",0.4%,-1.0%,-7.7%,-9.2%,$1 142 670,3 900 412,"3,9 million",$85 025 976
300,"Steem
STEEM","$0,194498",0.1%,-0.4%,-0.9%,-12.9%,$1 542 076,434 632 621,∞,$84 534 967
